id,name,price,description
1,Mercedes-Benz,941.04,Team-oriented directional encoding
2,Pontiac,2463.94,Configurable full-range instruction set
3,Maserati,1098.9,Progressive multi-tasking project
4,Chevrolet,1335.12,Function-based web-enabled monitoring
5,Mitsubishi,9008.96,Reverse-engineered foreground methodology
6,GMC,1113.2,Switchable 6th generation definition
7,Isuzu,1755.34,Reduced asymmetric flexibility
8,Chevrolet,2697.49,Total 6th generation standardization
9,Mercedes-Benz,2333.41,Operative national functionalities
10,Mazda,3718.47,Integrated next generation software
11,Ford,5040.54,Networked next generation software
12,Jaguar,9188.9,Synergized leading edge initiative
13,Volvo,6225.33,Optional contextually-based flexibility
14,Ford,7337.06,Programmable multi-tasking instruction set
15,Chevrolet,6479.54,Upgradable multimedia hardware
16,Mercedes-Benz,3249.16,Synergistic optimal interface
17,Volkswagen,1084.61,Self-enabling impactful extranet
18,Volkswagen,2048.51,Adaptive actuating secured line
19,Chevrolet,1060.97,Balanced dedicated flexibility
20,Maybach,5303.97,Re-engineered composite interface
21,Hyundai,5398.79,Business-focused bottom-line Graphical User Interface
22,Chevrolet,8499.57,Upgradable client-driven hierarchy
23,Suzuki,3657.65,Seamless actuating success
24,Ford,6927.51,Extended methodical capacity
25,Oldsmobile,3092.05,Cloned optimizing system engine
26,Geo,2207.39,Decentralized systemic knowledge user
27,Chevrolet,1928.21,Profound intangible core
28,Mitsubishi,2320.74,Switchable composite time-frame
29,Isuzu,3992.52,Grass-roots 3rd generation superstructure
30,Suzuki,7273.86,Front-line global help-desk
31,GMC,2661.27,Function-based background local area network
32,Toyota,2328.99,Reverse-engineered 5th generation open architecture
33,Suzuki,412.73,De-engineered dedicated solution
34,Toyota,991.37,Grass-roots grid-enabled definition
35,Ford,1181.92,Upgradable zero tolerance forecast
36,Chevrolet,8265.86,Secured directional instruction set
37,Scion,1891.69,Multi-channelled neutral standardization
38,Nissan,7961.19,Open-source object-oriented neural-net
39,Isuzu,5133.95,User-friendly logistical definition
40,Lincoln,3202.19,Intuitive incremental approach
41,Mazda,7129.37,Cross-platform exuding complexity
42,GMC,3485.78,Horizontal modular flexibility
43,Infiniti,6311.31,Managed zero tolerance focus group
44,Dodge,1836.04,Persevering client-server middleware
45,Dodge,709.69,Automated actuating help-desk
46,Honda,4350.27,Focused tertiary capability
47,Alfa Romeo,5709.14,Cloned hybrid structure
48,Mercedes-Benz,5468.84,De-engineered optimal framework
49,Honda,7270.96,Triple-buffered eco-centric synergy
50,Acura,4857.81,Ergonomic zero administration customer loyalty
51,Dodge,1015.54,Integrated impactful forecast
52,Buick,519.0,Decentralized mission-critical extranet
53,Mitsubishi,3142.96,Right-sized maximized encoding
54,BMW,6966.73,Customizable intangible customer loyalty
55,Tesla,2173.48,Polarised local utilisation
56,Mazda,7457.6,Fully-configurable user-facing matrix
57,BMW,1224.61,Monitored tertiary alliance
58,Porsche,692.16,Reduced maximized flexibility
59,Honda,9483.54,Multi-layered analyzing productivity
60,Maserati,1664.56,Optimized client-driven instruction set
61,Suzuki,1050.82,Customizable transitional infrastructure
62,Pontiac,5203.17,Persevering context-sensitive migration
63,Suzuki,8156.46,Universal systematic throughput
64,Mercury,6182.27,Pre-emptive systematic knowledge base
65,Mazda,7740.34,Advanced discrete matrices
66,Toyota,4742.91,Customer-focused bifurcated groupware
67,Ford,8618.13,Monitored bottom-line data-warehouse
68,Acura,4476.51,Total global hardware
69,Buick,344.13,Networked value-added strategy
70,Chevrolet,1894.5,Universal optimizing protocol
71,Infiniti,8104.93,Re-engineered discrete contingency
72,MINI,835.73,Operative clear-thinking task-force
73,Buick,6600.86,Integrated didactic application
74,Scion,2076.54,Right-sized actuating artificial intelligence
75,Volvo,4261.91,Right-sized contextually-based focus group
76,Mercedes-Benz,5042.31,Distributed analyzing architecture
77,Bentley,7289.12,Self-enabling impactful protocol
78,Lexus,7984.01,Programmable national analyzer
79,Audi,8520.68,Quality-focused solution-oriented project
80,Pontiac,5206.55,Team-oriented 3rd generation monitoring
81,BMW,438.16,Realigned grid-enabled matrix
82,Mazda,3187.76,Organic heuristic leverage
83,Lexus,5409.35,Intuitive web-enabled emulation
84,Mitsubishi,5352.78,Progressive hybrid standardization
85,Porsche,7642.68,Universal exuding moderator
86,Chevrolet,8459.92,Object-based global knowledge base
87,Kia,3975.85,Multi-lateral user-facing migration
88,Mazda,5809.88,Balanced heuristic initiative
89,Cadillac,9558.22,Virtual intermediate structure
90,Jaguar,6146.33,Object-based local migration
91,Mazda,5923.4,Streamlined zero defect contingency
92,Mercedes-Benz,9133.42,Horizontal web-enabled portal
93,Volkswagen,295.83,Enterprise-wide regional challenge
94,Chevrolet,7456.45,Triple-buffered bottom-line encryption
95,Austin,6203.8,Ameliorated systemic archive
96,GMC,7657.18,Universal content-based access
97,Toyota,1176.03,Reduced mobile monitoring
98,Volvo,2067.71,Mandatory actuating access
99,Maserati,1188.07,Customer-focused secondary hierarchy
100,Lincoln,8069.44,Realigned next generation structure
101,Ford,4987.27,Intuitive dedicated array
102,Chevrolet,5870.41,Ameliorated systematic methodology
103,Chevrolet,1834.19,Ameliorated multi-state application
104,Land Rover,7146.16,Quality-focused asymmetric product
105,Ford,3668.05,Operative needs-based hardware
106,Mazda,1975.84,Stand-alone didactic alliance
107,Buick,1451.84,Inverse optimizing hierarchy
108,Ford,8337.38,Vision-oriented disintermediate budgetary management
109,Subaru,5716.01,Re-contextualized interactive application
110,Nissan,6372.74,Profound fresh-thinking contingency
111,Toyota,4323.85,Business-focused holistic collaboration
112,Ford,5167.77,Re-engineered clear-thinking emulation
113,Buick,8771.74,Streamlined bottom-line matrix
114,Porsche,9042.11,Managed high-level complexity
115,Mazda,4053.35,Inverse human-resource matrix
116,Pontiac,8563.31,Digitized local emulation
117,Chrysler,9045.79,Team-oriented national focus group
118,Ford,3423.31,Progressive tangible budgetary management
119,Volkswagen,8402.98,Vision-oriented multi-tasking flexibility
120,Chevrolet,4798.45,Mandatory neutral circuit
121,Ford,5847.42,Intuitive bandwidth-monitored benchmark
122,Eagle,5003.2,Visionary attitude-oriented strategy
123,Toyota,4491.25,Distributed hybrid installation
124,Volvo,7907.71,Expanded hybrid archive
125,Ford,8384.46,Horizontal 3rd generation support
126,Dodge,2334.16,Optional zero administration leverage
127,Ford,8040.93,User-centric attitude-oriented challenge
128,Mercury,6273.63,Face to face full-range secured line
129,Mercedes-Benz,1308.37,Multi-layered upward-trending adapter
130,Pontiac,1783.8,Customer-focused regional workforce
131,Buick,3550.03,Optional logistical forecast
132,Subaru,4769.16,Cloned context-sensitive encryption
133,Volkswagen,260.37,Monitored full-range core
134,Mercury,1475.49,Cloned executive hierarchy
135,GMC,1179.63,Switchable zero defect Graphic Interface
136,Mitsubishi,9070.17,Business-focused human-resource emulation
137,Cadillac,6773.77,Stand-alone composite conglomeration
138,Nissan,8592.38,Balanced optimizing artificial intelligence
139,Audi,8914.53,Synergistic attitude-oriented throughput
140,Mitsubishi,6287.98,Networked 5th generation budgetary management
141,Pontiac,1494.9,User-centric regional utilisation
142,Plymouth,9365.49,Profit-focused bi-directional system engine
143,BMW,2609.37,Expanded client-server circuit
144,Porsche,3851.07,Implemented impactful internet solution
145,GMC,2124.64,Synergized analyzing hierarchy
146,Dodge,246.67,Fundamental impactful challenge
147,Chevrolet,9222.33,Upgradable solution-oriented initiative
148,Chevrolet,1995.82,Cloned executive encryption
149,Pontiac,20.76,Multi-tiered zero tolerance pricing structure
150,Chevrolet,6030.23,Balanced responsive ability
151,Chevrolet,5232.77,Enterprise-wide tangible collaboration
152,GMC,2532.05,Reverse-engineered bandwidth-monitored access
153,Toyota,4037.87,Polarised discrete artificial intelligence
154,Hyundai,6517.45,Extended clear-thinking website
155,Volkswagen,7865.11,Implemented disintermediate encoding
156,Porsche,9098.01,Synergized asynchronous encryption
157,Mercedes-Benz,8292.22,Robust impactful artificial intelligence
158,Chevrolet,1875.2,Automated content-based migration
159,Oldsmobile,5798.26,Diverse zero defect frame
160,Mitsubishi,7258.8,Fundamental global benchmark
161,Saab,8998.31,Reverse-engineered dedicated system engine
162,Ford,9575.18,Extended incremental interface
163,Lincoln,7046.45,Switchable bi-directional success
164,Lexus,8468.16,Function-based coherent software
165,Bentley,7665.6,Multi-lateral reciprocal paradigm
166,Ford,3687.3,Multi-lateral 3rd generation synergy
167,Chevrolet,1106.9,Organic logistical structure
168,Ford,3250.87,Customizable intermediate strategy
169,Ford,1865.05,Profound tangible strategy
170,Ford,8656.68,Quality-focused national initiative
171,Ford,691.06,Face to face exuding installation
172,Mitsubishi,4962.72,Open-source optimal structure
173,Ford,4953.13,Focused mobile knowledge base
174,Ford,930.31,Programmable exuding pricing structure
175,Porsche,3612.83,Down-sized intermediate product
176,Dodge,6519.2,Synergistic context-sensitive strategy
177,Mercury,7593.46,Secured content-based capability
178,Acura,748.53,Decentralized client-driven attitude
179,Ford,6004.98,Universal contextually-based open system
180,Hummer,3235.22,Intuitive uniform contingency
181,BMW,6925.2,Organic zero administration Graphical User Interface
182,Daewoo,8114.91,Ergonomic user-facing portal
183,Audi,7306.48,Intuitive intermediate standardization
184,Infiniti,1371.37,Reduced bi-directional middleware
185,Kia,7977.39,Compatible client-driven open architecture
186,Eagle,9987.47,Reverse-engineered analyzing complexity
187,Mercedes-Benz,9284.79,Fully-configurable heuristic core
188,Mitsubishi,6232.14,Mandatory motivating workforce
189,Ford,3203.38,Multi-tiered methodical initiative
190,Hyundai,7785.05,Adaptive object-oriented synergy
191,Subaru,1106.03,Vision-oriented static frame
192,Nissan,5664.72,Down-sized 24/7 protocol
193,Mercedes-Benz,9815.52,Switchable optimizing hierarchy
194,Oldsmobile,9311.14,Cross-group even-keeled access
195,Ford,5271.65,Phased fresh-thinking focus group
196,Lincoln,6926.84,Customer-focused attitude-oriented software
197,Toyota,6547.53,Function-based radical project
198,Mercury,9601.15,Diverse methodical solution
199,Volkswagen,1800.39,Cross-group intangible frame
200,Ford,3036.77,Polarised heuristic artificial intelligence
201,Lexus,3304.68,Profit-focused disintermediate model
202,Mercedes-Benz,6298.17,Persevering transitional migration
203,Mercedes-Benz,4951.54,Proactive client-server matrix
204,Volvo,8115.85,Focused stable forecast
205,Honda,1364.09,Devolved hybrid complexity
206,Ford,5208.17,Polarised upward-trending conglomeration
207,Toyota,1095.21,Advanced analyzing neural-net
208,Mazda,6636.32,Re-contextualized zero administration matrix
209,Chevrolet,1175.99,Realigned 4th generation knowledge base
210,Isuzu,5171.49,Horizontal 6th generation hub
211,Mazda,7371.22,Total empowering monitoring
212,Audi,202.99,Organized fresh-thinking benchmark
213,Subaru,4580.1,Distributed static software
214,Volkswagen,4925.5,Extended incremental superstructure
215,Aptera,5610.83,Integrated client-driven time-frame
216,Hyundai,4058.5,Multi-layered human-resource standardization
217,Ferrari,3887.08,Reverse-engineered zero administration productivity
218,Buick,6454.06,Vision-oriented multi-tasking application
219,Isuzu,9197.46,Inverse bi-directional access
220,Toyota,3207.96,Virtual zero tolerance standardization
221,Volvo,8715.52,Fully-configurable upward-trending extranet
222,Dodge,6078.2,Configurable stable alliance
223,GMC,4730.53,De-engineered content-based adapter
224,Volvo,9434.34,Monitored upward-trending collaboration
225,Lexus,4233.54,Secured multimedia system engine
226,Suzuki,7772.6,Secured mission-critical neural-net
227,Audi,4506.19,Open-architected discrete portal
228,Dodge,1961.14,De-engineered client-driven matrices
229,Suzuki,2395.72,Operative real-time middleware
230,Honda,2580.79,Reverse-engineered context-sensitive throughput
231,Chevrolet,192.52,Multi-tiered stable success
232,Lexus,3319.77,Virtual zero defect utilisation
233,Mazda,1289.78,Balanced holistic artificial intelligence
234,Cadillac,9805.46,Multi-layered demand-driven methodology
235,Jaguar,9456.19,Enhanced optimizing software
236,Mazda,1305.85,Diverse content-based algorithm
237,Ford,3359.2,Integrated human-resource middleware
238,Lincoln,7629.48,Organic methodical adapter
239,Hyundai,1447.7,Face to face web-enabled structure
240,Scion,9614.24,Polarised attitude-oriented product
241,Buick,148.77,Focused multi-tasking task-force
242,Eagle,1483.42,Automated content-based standardization
243,Cadillac,1814.07,Self-enabling eco-centric projection
244,Volvo,7875.75,Monitored tangible definition
245,GMC,6258.62,Polarised bifurcated collaboration
246,Toyota,9018.93,Horizontal fresh-thinking structure
247,Acura,5711.19,Business-focused global knowledge base
248,Porsche,820.0,Upgradable fresh-thinking analyzer
249,Dodge,9958.23,Balanced homogeneous project
250,BMW,5198.88,Mandatory directional portal
251,Hummer,8488.84,Realigned coherent support
252,Chevrolet,43.6,Re-engineered zero defect website
253,Ford,5080.31,Automated asymmetric neural-net
254,Ford,6857.02,Future-proofed web-enabled utilisation
255,Ford,6321.86,Universal object-oriented help-desk
256,Pontiac,5322.78,Enhanced tertiary help-desk
257,Audi,38.95,Cross-group attitude-oriented standardization
258,Lincoln,4009.67,Monitored zero defect emulation
259,Lincoln,7773.9,Optimized multi-state website
260,Chevrolet,3931.67,Diverse client-server access
261,Buick,8538.89,Multi-lateral 5th generation encoding
262,Ford,1435.06,Assimilated local architecture
263,Pontiac,9713.96,Self-enabling bifurcated product
264,GMC,8049.54,Balanced asynchronous encoding
265,Infiniti,7754.86,Managed object-oriented help-desk
266,Eagle,1051.06,Reduced national protocol
267,Lincoln,9937.21,Extended real-time approach
268,Chevrolet,4941.95,Distributed responsive customer loyalty
269,Hyundai,2607.42,Front-line bottom-line collaboration
270,Mitsubishi,890.71,Up-sized incremental functionalities
271,GMC,3521.66,Extended next generation task-force
272,Lincoln,1497.09,Enterprise-wide client-driven core
273,Plymouth,8964.84,Vision-oriented foreground core
274,Porsche,5996.13,Mandatory systematic migration
275,Nissan,5755.27,Distributed hybrid strategy
276,Cadillac,4545.81,Customer-focused asymmetric synergy
277,Ford,7318.11,Customer-focused context-sensitive forecast
278,Volkswagen,2401.27,Distributed directional productivity
279,Chevrolet,5840.68,Balanced background groupware
280,Porsche,659.5,Distributed clear-thinking leverage
281,Hyundai,6880.92,Cross-group well-modulated process improvement
282,Chevrolet,3556.14,Vision-oriented explicit help-desk
283,Mitsubishi,7431.83,Compatible logistical intranet
284,Volkswagen,2217.5,Total content-based structure
285,Cadillac,3610.82,Ergonomic attitude-oriented standardization
286,Volvo,1170.33,Persistent mobile archive
287,Mercury,9858.1,Right-sized explicit initiative
288,Mitsubishi,2580.48,Enterprise-wide maximized access
289,Dodge,5999.36,Progressive empowering extranet
290,Mazda,6198.19,Self-enabling real-time solution
291,Lexus,8609.23,Self-enabling heuristic monitoring
292,Kia,9666.34,Open-architected demand-driven policy
293,Dodge,7112.82,Diverse methodical flexibility
294,Lincoln,3660.13,Mandatory multi-tasking complexity
295,Rolls-Royce,3778.71,De-engineered object-oriented service-desk
296,Dodge,3059.88,Upgradable coherent focus group
297,Chevrolet,1325.38,Reduced user-facing website
298,Subaru,1124.22,Exclusive actuating capacity
299,Chevrolet,9203.81,Configurable bifurcated open system
300,Dodge,358.3,User-friendly background knowledge base
301,Mitsubishi,6282.02,De-engineered logistical middleware
302,Volkswagen,5039.2,Ameliorated value-added orchestration
303,Lamborghini,9840.97,Up-sized empowering project
304,BMW,8977.04,Public-key explicit array
305,Land Rover,7732.88,Synchronised client-driven pricing structure
306,Land Rover,6447.01,Optional intermediate process improvement
307,Ford,4589.63,Intuitive zero tolerance challenge
308,Chrysler,4026.61,Team-oriented logistical open architecture
309,GMC,5691.51,User-centric executive leverage
310,Hyundai,3232.52,Organic mission-critical application
311,Subaru,2658.35,Ergonomic radical matrix
312,Subaru,2679.94,Switchable regional challenge
313,Suzuki,5238.61,Multi-lateral intermediate open system
314,Cadillac,4930.17,Stand-alone context-sensitive frame
315,Kia,5197.6,Organized radical hub
316,Ford,8496.47,Front-line disintermediate concept
317,GMC,4984.26,Progressive foreground algorithm
318,Lexus,5096.73,Realigned attitude-oriented analyzer
319,Acura,7711.03,Persevering asynchronous policy
320,GMC,4681.23,Profound actuating conglomeration
321,Mazda,9040.39,Multi-lateral value-added architecture
322,Chevrolet,7857.22,Intuitive logistical database
323,GMC,7826.84,Open-architected needs-based toolset
324,GMC,6569.59,Balanced web-enabled service-desk
325,GMC,2169.25,Virtual mobile support
326,Infiniti,3242.8,Ergonomic intermediate adapter
327,Ford,441.6,Progressive zero tolerance analyzer
328,Dodge,4320.88,Fundamental didactic pricing structure
329,Nissan,4627.04,Public-key content-based product
330,Land Rover,2311.57,Networked heuristic alliance
331,Ford,3984.51,Centralized exuding customer loyalty
332,Volkswagen,61.82,Networked analyzing collaboration
333,Dodge,8217.73,Ergonomic contextually-based knowledge user
334,Chevrolet,6774.17,Mandatory responsive conglomeration
335,Dodge,4102.35,Persevering tangible local area network
336,Pontiac,8291.08,Progressive grid-enabled matrices
337,Jeep,7568.8,Automated dynamic functionalities
338,Acura,2063.7,Compatible bottom-line circuit
339,Infiniti,3702.46,Versatile radical ability
340,Chevrolet,6033.53,Balanced systemic product
341,Nissan,2888.04,Profit-focused methodical conglomeration
342,BMW,1364.23,Cloned bifurcated throughput
343,Isuzu,258.04,Ergonomic object-oriented benchmark
344,Infiniti,1021.09,Universal systemic circuit
345,BMW,6568.01,Optimized solution-oriented hardware
346,Subaru,5729.46,Quality-focused discrete knowledge user
347,Ford,8481.28,Persevering logistical workforce
348,Chevrolet,2685.84,Universal heuristic initiative
349,Nissan,2902.24,Automated 4th generation knowledge user
350,Honda,7526.67,Fully-configurable attitude-oriented neural-net
351,Chevrolet,445.99,Assimilated exuding software
352,Mazda,7141.49,Versatile multi-state adapter
353,Ford,2122.96,Implemented foreground application
354,Volvo,5623.19,Future-proofed empowering open architecture
355,Ford,870.48,Managed stable time-frame
356,Mitsubishi,743.26,Multi-tiered systemic implementation
357,Acura,7432.1,Persevering 24 hour benchmark
358,Lamborghini,4782.05,Enterprise-wide uniform standardization
359,Kia,4670.06,Front-line multimedia capability
360,Suzuki,739.03,Total demand-driven info-mediaries
361,Ferrari,6537.91,Managed client-server conglomeration
362,Lotus,2795.79,Innovative radical application
363,Acura,8530.69,Horizontal context-sensitive migration
364,BMW,8635.25,Multi-channelled composite Graphical User Interface
365,Nissan,9408.28,Persistent bifurcated pricing structure
366,Chevrolet,8256.84,Visionary fault-tolerant time-frame
367,Dodge,8254.69,Polarised mobile standardization
368,Volkswagen,2948.31,Cross-group analyzing Graphical User Interface
369,Chevrolet,9113.5,Function-based 24 hour info-mediaries
370,Ford,3417.66,Grass-roots transitional ability
371,Volvo,2563.21,Distributed zero tolerance utilisation
372,Buick,5323.02,Expanded empowering software
373,Chevrolet,1170.14,Object-based analyzing installation
374,Plymouth,3115.35,Switchable maximized installation
375,Alfa Romeo,8259.29,Public-key content-based hardware
376,Mazda,7499.49,Quality-focused neutral help-desk
377,Saab,1226.07,Open-source system-worthy encoding
378,Mazda,5412.49,Integrated dynamic help-desk
379,BMW,3796.8,Streamlined context-sensitive extranet
380,Hyundai,9036.55,Reactive zero administration algorithm
381,Chevrolet,7917.31,Vision-oriented multi-state interface
382,Aston Martin,9464.65,Diverse radical capability
383,Mercury,850.98,Innovative discrete approach
384,Pontiac,3623.13,Customer-focused disintermediate infrastructure
385,Hyundai,4715.73,Vision-oriented 5th generation paradigm
386,Cadillac,6115.45,Universal solution-oriented project
387,Nissan,6277.94,Total systemic implementation
388,Buick,708.19,Fully-configurable user-facing utilisation
389,Geo,4553.4,Expanded contextually-based Graphic Interface
390,Mercedes-Benz,4816.14,Upgradable cohesive access
391,Oldsmobile,6336.03,Customizable leading edge service-desk
392,Cadillac,77.41,Re-contextualized regional conglomeration
393,Volkswagen,9077.07,Managed heuristic methodology
394,Acura,3092.26,Triple-buffered actuating instruction set
395,Nissan,4491.3,Customizable discrete hardware
396,GMC,5550.09,Innovative multi-tasking pricing structure
397,GMC,1747.8,Exclusive object-oriented workforce
398,Hyundai,6543.0,Advanced human-resource capability
399,Mercedes-Benz,4657.16,Exclusive incremental access
400,Scion,9895.4,Reactive bifurcated superstructure
401,Mazda,6143.26,Reduced directional knowledge base
402,Cadillac,6312.82,Innovative logistical data-warehouse
403,Volkswagen,578.96,Secured foreground support
404,Oldsmobile,2009.81,Intuitive bottom-line paradigm
405,Ford,6755.57,Managed 6th generation functionalities
406,Lincoln,134.82,Visionary zero defect open system
407,Mercedes-Benz,804.19,Synergistic didactic benchmark
408,GMC,7821.48,Down-sized holistic throughput
409,Mercedes-Benz,6411.91,Phased directional model
410,Mazda,4378.42,Public-key object-oriented function
411,Ford,4651.13,Sharable bandwidth-monitored core
412,Toyota,9490.03,User-friendly even-keeled attitude
413,Mercury,8606.22,Cross-group object-oriented adapter
414,Hyundai,7653.45,Sharable client-driven open architecture
415,Chevrolet,5541.05,Streamlined analyzing orchestration
416,Mazda,8884.87,Configurable multi-state superstructure
417,Toyota,7430.38,Function-based optimizing knowledge base
418,GMC,9642.85,Reduced multimedia database
419,Mazda,4940.07,Multi-channelled cohesive database
420,Toyota,7060.43,Profound radical knowledge base
421,Ford,4558.94,Universal zero tolerance approach
422,Mercury,4515.8,Horizontal tertiary project
423,Hummer,5040.96,Team-oriented eco-centric matrices
424,Dodge,2342.22,Multi-channelled high-level initiative
425,Mazda,5391.33,Cross-platform impactful framework
426,Honda,4657.59,Self-enabling interactive service-desk
427,Porsche,4336.85,Configurable cohesive attitude
428,GMC,8289.98,Face to face client-server alliance
429,Buick,8359.21,Intuitive impactful alliance
430,Ford,2527.36,Diverse logistical framework
431,Acura,248.26,Digitized clear-thinking support
432,Hyundai,319.38,Advanced neutral utilisation
433,BMW,7205.98,Persevering 24/7 knowledge user
434,Oldsmobile,9655.87,Extended holistic ability
435,Chevrolet,2291.55,Visionary exuding workforce
436,Mercedes-Benz,3187.78,Enterprise-wide analyzing moratorium
437,Ford,8740.19,Programmable web-enabled data-warehouse
438,Mercury,1098.03,Re-contextualized incremental analyzer
439,Chevrolet,3866.16,De-engineered fresh-thinking moderator
440,Audi,4482.2,Universal even-keeled concept
441,Mazda,2285.51,Front-line fresh-thinking structure
442,Ford,8562.61,Stand-alone tertiary leverage
443,Mitsubishi,403.82,Quality-focused cohesive system engine
444,Buick,4365.7,Face to face asymmetric portal
445,BMW,2921.08,Function-based regional architecture
446,Kia,1209.88,Implemented maximized workforce
447,Chevrolet,6358.48,User-friendly bifurcated product
448,GMC,1825.15,Cross-platform solution-oriented model
449,GMC,9718.29,Business-focused tertiary attitude
450,Jaguar,1400.31,Expanded system-worthy toolset
451,Mitsubishi,578.73,Streamlined system-worthy array
452,BMW,7508.74,Enterprise-wide exuding firmware
453,Jeep,7137.75,Synchronised methodical success
454,Ram,4245.64,Optional radical protocol
455,Ford,5950.31,Enhanced regional capability
456,Toyota,3721.92,Team-oriented hybrid approach
457,Plymouth,9258.84,Innovative leading edge array
458,Mercedes-Benz,3118.33,Polarised transitional local area network
459,Dodge,5411.05,Ameliorated secondary flexibility
460,Hyundai,349.97,Front-line bifurcated archive
461,Chevrolet,2190.72,Sharable methodical knowledge user
462,Chevrolet,5147.25,Total clear-thinking paradigm
463,Ford,2567.32,Multi-layered global initiative
464,Dodge,2142.18,Reduced user-facing extranet
465,Dodge,7208.52,Proactive tangible array
466,Buick,1143.67,Open-source interactive local area network
467,Volkswagen,7709.55,Automated non-volatile installation
468,Dodge,740.7,Multi-channelled bandwidth-monitored encryption
469,Chevrolet,8008.21,Multi-channelled modular intranet
470,Nissan,313.8,Seamless incremental time-frame
471,Buick,1444.04,Assimilated systematic neural-net
472,Volvo,3142.45,Customizable actuating open architecture
473,GMC,2944.11,Innovative background matrix
474,BMW,5032.66,Universal upward-trending productivity
475,Mercury,860.82,Ameliorated bottom-line Graphic Interface
476,Lexus,3855.44,Quality-focused systemic ability
477,Mercedes-Benz,5049.93,Function-based coherent archive
478,Mercury,2420.28,Streamlined system-worthy time-frame
479,Lotus,1569.87,Face to face bottom-line policy
480,Aston Martin,9026.47,Horizontal zero administration focus group
481,Lotus,8282.17,Proactive needs-based firmware
482,Toyota,6745.44,Synergistic 4th generation access
483,Mitsubishi,6114.27,Self-enabling coherent archive
484,Chevrolet,7657.67,Synergized global model
485,GMC,6010.83,Upgradable mobile archive
486,Mercedes-Benz,9973.94,Streamlined mission-critical artificial intelligence
487,Mitsubishi,3376.52,Configurable responsive focus group
488,Mercury,2246.38,Stand-alone tangible throughput
489,Volvo,1173.16,Optimized leading edge standardization
490,Chrysler,715.06,Profound even-keeled throughput
491,Saturn,209.73,Fundamental zero administration firmware
492,Mercury,7855.73,Managed national intranet
493,Mercedes-Benz,4695.85,Cloned encompassing application
494,Jaguar,246.63,Object-based systemic architecture
495,Bentley,2564.95,Organized methodical contingency
496,Ford,3608.67,Inverse client-server extranet
497,Lincoln,2390.53,Up-sized executive forecast
498,Saab,3843.94,Multi-layered scalable knowledge user
499,Subaru,7952.27,Re-engineered local parallelism
500,Cadillac,7550.85,Robust background service-desk
501,Chevrolet,1868.22,Open-source well-modulated secured line
502,Chevrolet,79.7,Switchable exuding monitoring
503,Honda,1885.35,Decentralized scalable access
504,Pontiac,5021.23,Open-architected 5th generation matrices
505,Mercedes-Benz,7982.26,Open-source disintermediate success
506,BMW,8644.39,Synchronised explicit policy
507,GMC,9939.0,Optional demand-driven migration
508,Chevrolet,2688.45,Inverse motivating policy
509,Toyota,650.07,Automated explicit capability
510,Hyundai,971.83,Synchronised 5th generation forecast
511,Acura,6850.66,Grass-roots secondary framework
512,Porsche,6585.97,Extended 5th generation intranet
513,Acura,1669.42,Face to face discrete firmware
514,Maybach,1263.05,Devolved real-time hub
515,Pontiac,1775.86,Horizontal coherent matrix
516,Nissan,29.98,Organic holistic challenge
517,Mazda,2778.2,Public-key 4th generation synergy
518,Audi,5032.29,Streamlined systemic synergy
519,Volkswagen,9681.5,Proactive reciprocal utilisation
520,Daewoo,2250.82,Open-source reciprocal solution
521,Mitsubishi,6883.87,Fundamental motivating circuit
522,Mercedes-Benz,8750.4,User-centric empowering architecture
523,Nissan,5111.55,Team-oriented didactic service-desk
524,Volvo,3886.54,Adaptive secondary support
525,BMW,8969.43,De-engineered background emulation
526,Chevrolet,9409.83,Implemented grid-enabled support
527,Honda,8683.71,Monitored stable process improvement
528,BMW,7910.59,Mandatory multimedia firmware
529,Ford,6796.57,Innovative static Graphical User Interface
530,Mitsubishi,2124.74,Re-engineered leading edge benchmark
531,Cadillac,978.45,Object-based non-volatile conglomeration
532,Buick,955.84,Diverse human-resource implementation
533,Isuzu,8496.29,Ergonomic scalable application
534,Kia,7304.88,Down-sized 24/7 standardization
535,Hyundai,5608.15,Persevering demand-driven array
536,GMC,6897.31,Optimized full-range conglomeration
537,Dodge,5726.94,Cross-group exuding adapter
538,Lotus,9113.36,Open-architected 24 hour system engine
539,Saab,7575.82,Function-based stable definition
540,Mercury,517.17,Customer-focused solution-oriented internet solution
541,Pontiac,5776.45,Balanced content-based groupware
542,Subaru,4010.52,Adaptive non-volatile migration
543,Chevrolet,8423.44,Automated homogeneous paradigm
544,BMW,1320.92,User-centric high-level installation
545,Honda,6987.67,Extended human-resource product
546,Audi,5410.56,De-engineered local forecast
547,Toyota,8117.42,Future-proofed multi-tasking encoding
548,Chevrolet,9676.99,Down-sized discrete success
549,Nissan,2424.19,Grass-roots client-driven solution
550,Chevrolet,6526.84,Re-contextualized methodical moratorium
551,Toyota,8556.42,Robust disintermediate firmware
552,Lexus,3590.82,Organic 24/7 framework
553,Nissan,5010.34,Progressive upward-trending standardization
554,Dodge,6970.39,Multi-lateral client-driven hardware
555,Audi,9018.32,Function-based needs-based protocol
556,Acura,6607.58,Advanced client-server firmware
557,Lincoln,9946.96,Enhanced coherent solution
558,Audi,7789.81,Organic secondary leverage
559,Buick,2318.39,Devolved fault-tolerant help-desk
560,BMW,8163.97,Re-contextualized cohesive circuit
561,Cadillac,280.65,Reactive needs-based solution
562,Subaru,9878.67,Organized client-server software
563,Mazda,625.01,Grass-roots zero defect secured line
564,Cadillac,590.09,Expanded composite implementation
565,Jeep,1836.76,Visionary mission-critical function
566,Jeep,7609.93,Self-enabling zero defect knowledge user
567,Toyota,5945.44,Business-focused local ability
568,GMC,8575.95,Future-proofed methodical methodology
569,Subaru,1966.35,Cross-group client-driven encryption
570,Mazda,1607.48,Expanded dynamic adapter
571,Toyota,8700.52,Upgradable national success
572,Ford,4085.06,Expanded human-resource software
573,GMC,3710.51,Versatile object-oriented alliance
574,GMC,3052.14,Pre-emptive local open architecture
575,Mercury,958.75,Self-enabling actuating architecture
576,Mercedes-Benz,2352.71,Front-line empowering capability
577,Mercedes-Benz,2239.45,Implemented fresh-thinking core
578,Nissan,4144.0,Enterprise-wide zero tolerance matrices
579,Nissan,6661.34,Team-oriented grid-enabled groupware
580,GMC,5565.0,Multi-channelled radical solution
581,Dodge,6578.39,Virtual optimal workforce
582,Ford,4094.44,Automated bi-directional software
583,Lincoln,15.16,Team-oriented systematic throughput
584,Land Rover,7604.68,Ameliorated interactive Graphic Interface
585,Ford,161.5,Synchronised fresh-thinking projection
586,Mitsubishi,2080.25,Optimized client-driven collaboration
587,Volvo,602.63,Function-based holistic migration
588,Saab,5755.25,Pre-emptive modular array
589,Land Rover,4841.42,Optimized contextually-based leverage
590,Mitsubishi,1149.46,Progressive 5th generation project
591,Volkswagen,6550.43,Cloned systemic attitude
592,Volkswagen,6528.53,Customizable multi-tasking task-force
593,Pontiac,8190.65,Reduced client-server function
594,Mazda,4688.55,Extended context-sensitive frame
595,Ford,6934.25,Enhanced transitional parallelism
596,Lexus,2594.53,Stand-alone systematic superstructure
597,Hummer,6305.17,Seamless fresh-thinking contingency
598,Dodge,7585.08,User-friendly non-volatile alliance
599,Toyota,6993.42,Triple-buffered exuding benchmark
600,Toyota,4631.0,Ergonomic actuating customer loyalty
601,Audi,9367.95,Profound bandwidth-monitored project
602,Nissan,7000.1,Multi-tiered asynchronous info-mediaries
603,Toyota,9128.97,Quality-focused static definition
604,Chevrolet,9851.73,Diverse non-volatile success
605,Chevrolet,4556.33,Phased system-worthy capacity
606,Ford,3209.8,Multi-channelled executive artificial intelligence
607,Suzuki,9722.67,Digitized eco-centric synergy
608,Mazda,9249.63,Managed hybrid moratorium
609,Honda,5397.19,Profit-focused hybrid protocol
610,Kia,6498.73,Object-based mobile info-mediaries
611,Jaguar,7225.62,Reactive analyzing data-warehouse
612,Mercedes-Benz,5620.14,User-friendly secondary project
613,Ford,1052.42,Operative 5th generation data-warehouse
614,Ford,9468.07,Progressive coherent info-mediaries
615,Ford,735.23,Versatile fresh-thinking artificial intelligence
616,Daewoo,6762.09,Reverse-engineered real-time benchmark
617,Porsche,5367.66,Enterprise-wide executive instruction set
618,Toyota,7263.71,Re-contextualized attitude-oriented circuit
619,Ford,4442.71,User-centric exuding system engine
620,Volkswagen,6926.15,User-centric uniform protocol
621,GMC,3458.83,Persevering multi-state infrastructure
622,Audi,767.81,Multi-tiered mission-critical hierarchy
623,Maserati,296.13,Assimilated actuating hardware
624,Jaguar,6338.72,Synchronised context-sensitive synergy
625,Mercury,2010.55,Focused logistical policy
626,Jeep,1113.64,Synergized discrete time-frame
627,Isuzu,2585.37,Public-key 5th generation hierarchy
628,BMW,8875.41,Advanced multi-state conglomeration
629,Acura,1353.75,Progressive dedicated challenge
630,Audi,6978.87,Business-focused foreground protocol
631,Volkswagen,4673.52,Multi-layered mobile implementation
632,Volkswagen,1938.56,Polarised uniform open system
633,Nissan,1233.27,Optional upward-trending benchmark
634,Pontiac,8874.6,Integrated optimizing workforce
635,Chevrolet,4395.2,Open-architected bifurcated flexibility
636,Audi,1989.18,Multi-tiered empowering attitude
637,Volkswagen,8346.24,Diverse zero administration adapter
638,BMW,5396.03,Stand-alone bandwidth-monitored knowledge base
639,Chevrolet,5299.01,Multi-channelled impactful service-desk
640,Audi,1867.72,Right-sized stable methodology
641,Saab,4194.16,Visionary web-enabled customer loyalty
642,Mitsubishi,188.36,Progressive full-range focus group
643,Toyota,2860.39,Profit-focused upward-trending forecast
644,Subaru,1523.07,Open-source reciprocal encoding
645,Toyota,4279.93,Switchable tertiary access
646,Lexus,7419.32,Right-sized even-keeled internet solution
647,GMC,9361.68,Extended neutral access
648,Dodge,8414.62,Diverse cohesive function
649,Acura,3637.81,Profit-focused attitude-oriented moderator
650,Saab,8076.96,Team-oriented mission-critical utilisation
651,Saturn,9939.61,Sharable tertiary projection
652,Audi,7095.13,Business-focused tangible parallelism
653,GMC,9116.14,Profound bifurcated superstructure
654,Toyota,8891.53,Implemented contextually-based secured line
655,Mazda,6788.05,Horizontal scalable projection
656,Infiniti,859.84,Cross-platform context-sensitive extranet
657,Mercury,2188.74,Multi-lateral intangible model
658,Porsche,7095.43,Balanced mission-critical product
659,Nissan,2461.66,Re-engineered bandwidth-monitored extranet
660,Mitsubishi,9728.66,Implemented homogeneous interface
661,Mitsubishi,4540.39,Distributed 3rd generation archive
662,Buick,5458.4,Realigned client-server secured line
663,Toyota,5370.53,Organic object-oriented alliance
664,Hyundai,2816.72,Optimized encompassing architecture
665,Cadillac,720.27,Team-oriented background alliance
666,Lexus,4570.74,Networked secondary encoding
667,GMC,6321.11,Managed uniform encryption
668,Hummer,5797.52,Cross-platform holistic attitude
669,Nissan,8102.98,Extended clear-thinking access
670,Volvo,7716.25,Down-sized composite migration
671,BMW,170.23,Phased cohesive infrastructure
672,Lincoln,1717.85,Function-based attitude-oriented moderator
673,Chevrolet,805.81,Re-contextualized zero administration installation
674,Ford,1751.9,Pre-emptive context-sensitive projection
675,Dodge,9781.0,Reduced impactful analyzer
676,Acura,5862.64,Profit-focused web-enabled solution
677,Ford,8658.0,Adaptive client-server projection
678,Suzuki,3280.37,Triple-buffered impactful flexibility
679,Honda,3514.07,Switchable demand-driven policy
680,Ford,1124.73,Enhanced directional infrastructure
681,Volvo,848.4,Upgradable bifurcated portal
682,Mitsubishi,8877.59,Configurable disintermediate implementation
683,Chevrolet,5453.36,Integrated zero tolerance complexity
684,Toyota,6496.51,Robust interactive info-mediaries
685,Mitsubishi,7105.48,Networked grid-enabled database
686,Porsche,1317.82,Progressive asymmetric model
687,Ford,6916.18,Business-focused well-modulated leverage
688,Chevrolet,7101.97,Re-engineered homogeneous superstructure
689,Mercury,6247.42,Seamless tangible core
690,Nissan,2593.12,Re-engineered transitional utilisation
691,Mitsubishi,589.21,Networked empowering paradigm
692,Subaru,5530.04,Assimilated bandwidth-monitored installation
693,Lexus,2557.88,Centralized mobile orchestration
694,Dodge,3341.39,Persevering modular installation
695,Cadillac,9225.39,Virtual logistical orchestration
696,Ford,5502.62,Enhanced demand-driven data-warehouse
697,Toyota,1885.42,Polarised mobile hub
698,Buick,4779.68,Synchronised optimizing info-mediaries
699,Mazda,2564.45,Future-proofed grid-enabled emulation
700,Audi,7789.52,Public-key neutral pricing structure
701,Chevrolet,6864.47,Cross-group explicit pricing structure
702,Buick,2537.3,Innovative motivating monitoring
703,Hyundai,1083.41,Adaptive bifurcated productivity
704,Isuzu,5173.96,Assimilated eco-centric projection
705,Toyota,6996.39,Pre-emptive bottom-line flexibility
706,Mazda,7265.15,Exclusive global internet solution
707,Rolls-Royce,9567.82,Multi-lateral leading edge approach
708,Acura,3474.19,Re-engineered didactic portal
709,Lamborghini,2383.37,Organized high-level ability
710,Mercedes-Benz,7044.03,User-friendly homogeneous leverage
711,Honda,9195.34,Secured leading edge flexibility
712,Ford,1354.32,Organized local Graphic Interface
713,GMC,1481.79,Assimilated national model
714,BMW,4159.64,Monitored 24/7 Graphic Interface
715,Ford,8483.62,Synergistic tertiary capacity
716,Audi,2097.12,User-centric foreground benchmark
717,Cadillac,2734.95,Distributed bi-directional knowledge user
718,Volkswagen,945.27,Streamlined motivating Graphic Interface
719,Honda,2317.18,Seamless responsive artificial intelligence
720,Nissan,7848.01,Quality-focused fresh-thinking capacity
721,Dodge,2592.23,Configurable content-based challenge
722,Lexus,5120.35,Fundamental client-server info-mediaries
723,Ford,6299.2,Open-source discrete encoding
724,Volvo,9748.02,Advanced zero defect application
725,Acura,7634.31,Versatile exuding interface
726,Ford,6782.18,Ergonomic national migration
727,Kia,3594.13,Reverse-engineered 3rd generation neural-net
728,Infiniti,7331.37,Realigned full-range pricing structure
729,Dodge,9379.9,Function-based systematic customer loyalty
730,GMC,1825.4,Down-sized intermediate artificial intelligence
731,Toyota,5016.86,Optional composite collaboration
732,Isuzu,5125.08,Business-focused client-server task-force
733,Pontiac,7437.96,Total discrete productivity
734,Acura,7548.96,Mandatory bandwidth-monitored encryption
735,Pontiac,1095.51,Automated methodical migration
736,Volkswagen,6391.69,Cloned heuristic monitoring
737,Saab,239.68,Realigned static data-warehouse
738,Mazda,2471.75,Customer-focused system-worthy throughput
739,Scion,9803.64,Profound systematic encoding
740,Dodge,5760.05,Programmable background capability
741,Honda,5150.21,Upgradable system-worthy structure
742,Ferrari,420.0,Universal full-range implementation
743,Toyota,7002.26,Optimized 4th generation algorithm
744,GMC,6788.2,Sharable global conglomeration
745,Dodge,4551.33,Robust neutral attitude
746,GMC,4382.3,De-engineered mission-critical local area network
747,Chevrolet,9527.88,Digitized 24/7 data-warehouse
748,Volvo,9548.02,Object-based system-worthy solution
749,Pontiac,1954.16,Persistent zero tolerance productivity
750,Toyota,3827.5,Re-engineered 24/7 project
751,Chrysler,5361.97,Ameliorated local encryption
752,Oldsmobile,3695.07,Customizable national algorithm
753,Lotus,5564.58,Mandatory bi-directional concept
754,Honda,3003.26,Implemented fresh-thinking interface
755,Chevrolet,631.4,Innovative cohesive system engine
756,Mitsubishi,7142.72,Open-source multimedia extranet
757,Porsche,5570.37,Face to face zero defect firmware
758,Mercedes-Benz,2283.42,Vision-oriented encompassing moderator
759,Volkswagen,5623.62,Vision-oriented holistic frame
760,Jensen,4575.75,Multi-lateral scalable time-frame
761,Honda,9177.01,Realigned discrete parallelism
762,Chevrolet,1116.43,Horizontal 24 hour hierarchy
763,BMW,158.89,Customizable secondary concept
764,Oldsmobile,5442.61,Cross-platform secondary frame
765,Volvo,70.88,Up-sized fresh-thinking knowledge base
766,Mercedes-Benz,9477.15,Exclusive human-resource array
767,Chevrolet,3055.87,Managed explicit firmware
768,Jeep,1869.26,Innovative systemic hub
769,BMW,2022.23,Implemented interactive moderator
770,Lincoln,4703.06,Multi-layered real-time matrix
771,Pontiac,447.91,Multi-channelled radical installation
772,Porsche,8906.4,Extended clear-thinking system engine
773,Mercedes-Benz,9684.96,Secured motivating parallelism
774,Ford,4666.35,Future-proofed multimedia synergy
775,Ford,6266.42,Seamless bifurcated infrastructure
776,Dodge,5397.36,Secured mobile moderator
777,GMC,2481.88,Advanced transitional neural-net
778,Cadillac,314.61,Organic zero defect data-warehouse
779,Toyota,3782.25,Virtual motivating framework
780,Buick,5401.52,Inverse tangible circuit
781,GMC,5822.18,Open-architected real-time paradigm
782,Kia,1133.21,Pre-emptive next generation application
783,Cadillac,5881.25,Optimized multi-tasking support
784,Buick,6042.84,Innovative full-range flexibility
785,Chevrolet,2538.64,Total asymmetric hardware
786,Dodge,4318.35,Vision-oriented tertiary workforce
787,Mercedes-Benz,9010.27,Persevering methodical system engine
788,Toyota,3199.57,De-engineered systemic solution
789,Buick,485.68,Cross-group even-keeled complexity
790,Mazda,4122.85,Open-source intangible concept
791,Toyota,3346.16,Integrated national groupware
792,Toyota,9163.5,Organized leading edge knowledge base
793,Infiniti,5360.74,User-friendly explicit alliance
794,Lamborghini,3067.99,Integrated tangible Graphical User Interface
795,Dodge,4035.15,Right-sized bifurcated Graphical User Interface
796,Dodge,101.13,Pre-emptive 4th generation throughput
797,Cadillac,6463.98,Seamless demand-driven circuit
798,Nissan,1601.29,Focused stable paradigm
799,Chevrolet,1243.84,Front-line scalable service-desk
800,Mazda,5432.31,Public-key solution-oriented implementation
801,Kia,8243.76,Centralized client-server leverage
802,Mercury,1571.46,Self-enabling asymmetric flexibility
803,Mazda,2584.46,Reverse-engineered zero tolerance secured line
804,Suzuki,6764.47,Digitized 3rd generation neural-net
805,Mercedes-Benz,7496.81,Sharable 24 hour neural-net
806,Dodge,3369.23,Implemented zero defect emulation
807,Volvo,6728.51,Cloned mission-critical protocol
808,Lexus,7628.38,Optimized systemic knowledge base
809,GMC,7972.27,Profound interactive strategy
810,Volvo,1499.09,Programmable disintermediate approach
811,Chevrolet,6446.4,Robust exuding pricing structure
812,Cadillac,8175.46,Visionary bi-directional pricing structure
813,Dodge,5455.27,Managed zero defect initiative
814,Volkswagen,7630.2,Reduced user-facing utilisation
815,GMC,9248.07,Virtual actuating methodology
816,Ford,6272.24,Centralized grid-enabled task-force
817,Aston Martin,2554.83,Down-sized full-range Graphic Interface
818,Hyundai,8774.8,Operative grid-enabled process improvement
819,Plymouth,9230.13,Customizable maximized paradigm
820,GMC,153.39,Persevering responsive structure
821,Suzuki,2137.21,Intuitive holistic emulation
822,Lexus,9669.46,Persevering dynamic local area network
823,Porsche,759.65,Fully-configurable modular function
824,Suzuki,1035.41,Triple-buffered regional application
825,Ford,6865.92,Face to face system-worthy capability
826,Volvo,8713.25,Organic hybrid hardware
827,Chevrolet,9558.99,Persistent human-resource array
828,Dodge,1005.56,Proactive system-worthy protocol
829,Subaru,5247.15,Down-sized national productivity
830,Chrysler,6175.33,Synergistic background matrices
831,Ferrari,5340.79,Ameliorated dedicated algorithm
832,Acura,6328.53,Advanced mobile success
833,Lexus,3842.87,Fully-configurable context-sensitive frame
834,Dodge,3989.4,Open-architected cohesive strategy
835,Toyota,4867.38,Operative foreground service-desk
836,Ferrari,6813.43,Stand-alone attitude-oriented hardware
837,Lexus,6390.44,Exclusive multi-tasking moderator
838,Mazda,4238.96,Focused mobile flexibility
839,Honda,7078.92,Horizontal clear-thinking Graphic Interface
840,Ford,3262.79,Persistent next generation pricing structure
841,Mercedes-Benz,4600.55,Mandatory client-driven knowledge user
842,Mercedes-Benz,9196.59,Devolved secondary website
843,Mitsubishi,5650.67,Versatile attitude-oriented analyzer
844,Mercury,7694.02,Team-oriented methodical project
845,BMW,2315.92,Proactive needs-based moderator
846,Volkswagen,1616.14,Digitized full-range encryption
847,Toyota,7156.53,Diverse web-enabled knowledge user
848,Dodge,6407.15,Self-enabling context-sensitive help-desk
849,Bentley,4841.48,Optimized hybrid software
850,Volvo,8560.31,Optimized 3rd generation product
851,Pontiac,9145.76,Enhanced high-level collaboration
852,Toyota,2632.78,Inverse client-server migration
853,Chevrolet,937.12,Organic bifurcated encoding
854,BMW,4063.4,Public-key asymmetric analyzer
855,Honda,7774.24,Up-sized explicit model
856,Scion,4269.97,Optimized scalable infrastructure
857,Mercedes-Benz,235.45,Public-key system-worthy solution
858,Land Rover,2841.52,Horizontal executive neural-net
859,Infiniti,302.91,Focused executive hardware
860,Mercedes-Benz,3181.98,Optimized empowering ability
861,Jensen,5959.52,Fundamental executive strategy
862,BMW,5966.32,Open-source real-time collaboration
863,Audi,7903.92,Inverse static project
864,Volkswagen,7404.0,Assimilated homogeneous initiative
865,Isuzu,7376.84,Focused executive application
866,Mitsubishi,2489.82,User-centric contextually-based conglomeration
867,Porsche,425.73,De-engineered static hierarchy
868,Ford,7829.14,Cross-platform motivating installation
869,Hyundai,7567.11,Distributed even-keeled model
870,Volkswagen,702.55,Organized value-added intranet
871,Nissan,9137.32,Polarised attitude-oriented adapter
872,Ford,6448.12,Streamlined asynchronous projection
873,GMC,3954.33,Cross-group eco-centric task-force
874,Pontiac,5018.57,Devolved empowering info-mediaries
875,Jeep,8681.72,Versatile actuating data-warehouse
876,Mercedes-Benz,9210.32,Phased clear-thinking implementation
877,Mercury,585.8,Streamlined incremental circuit
878,Ford,2768.91,Profound executive implementation
879,Pontiac,8605.41,Synergized didactic capacity
880,Plymouth,9803.51,Reactive impactful solution
881,Chevrolet,1906.38,Pre-emptive reciprocal framework
882,Pontiac,2092.31,Profit-focused foreground flexibility
883,Chevrolet,6799.01,Organized non-volatile superstructure
884,Jeep,7242.84,Diverse regional service-desk
885,Mitsubishi,9726.62,Function-based reciprocal help-desk
886,Chrysler,5137.75,Adaptive asymmetric standardization
887,Buick,3336.87,Exclusive national software
888,Pontiac,509.92,Mandatory national firmware
889,Volkswagen,3436.1,Polarised directional model
890,Audi,9885.49,Future-proofed fault-tolerant circuit
891,Jeep,2191.11,Streamlined high-level solution
892,Buick,3272.05,Reactive global Graphic Interface
893,Scion,6343.11,Re-engineered didactic capability
894,Toyota,1066.08,Organic maximized interface
895,Toyota,7263.42,Object-based client-server challenge
896,Mitsubishi,8617.86,Re-engineered secondary groupware
897,Saab,5488.24,Progressive client-server protocol
898,Mazda,9605.22,Inverse dedicated standardization
899,Dodge,2772.74,Proactive even-keeled policy
900,Kia,3594.64,Realigned leading edge database
901,Honda,8444.26,Versatile attitude-oriented policy
902,Chevrolet,270.78,Seamless fresh-thinking moderator
903,Lotus,5001.47,Total empowering capacity
904,Nissan,2182.06,Persevering modular pricing structure
905,Mazda,8613.23,Diverse exuding instruction set
906,Cadillac,9573.18,Customizable web-enabled hardware
907,Lexus,7866.96,Customizable asymmetric local area network
908,Dodge,5544.5,Advanced context-sensitive intranet
909,Pontiac,5837.86,Face to face coherent protocol
910,Chevrolet,8678.59,Switchable high-level task-force
911,Chevrolet,2564.43,Digitized multi-tasking internet solution
912,Mercedes-Benz,7385.15,Extended explicit complexity
913,Aston Martin,7947.81,Cross-platform grid-enabled open system
914,Chevrolet,6714.08,Centralized tertiary functionalities
915,Mercury,9578.57,Streamlined clear-thinking hierarchy
916,Bentley,5720.19,Devolved secondary extranet
917,Subaru,227.82,Cross-group systematic open architecture
918,Nissan,3120.57,Distributed encompassing artificial intelligence
919,Porsche,3329.54,Pre-emptive 6th generation middleware
920,Lamborghini,7358.21,Organized national pricing structure
921,Nissan,7068.91,Total bandwidth-monitored database
922,Nissan,3815.18,Decentralized attitude-oriented hierarchy
923,Oldsmobile,76.83,Centralized content-based benchmark
924,Lexus,3490.06,Synergistic stable utilisation
925,GMC,8166.8,Profit-focused coherent productivity
926,Mercedes-Benz,33.55,Managed local moratorium
927,Dodge,9105.65,Ameliorated empowering product
928,Mitsubishi,200.9,Persistent multi-tasking middleware
929,Ford,3186.93,Profit-focused motivating standardization
930,GMC,1331.05,Enhanced human-resource toolset
931,Saab,215.38,Mandatory static portal
932,Subaru,7287.53,Team-oriented zero administration database
933,Toyota,8874.26,Visionary real-time hardware
934,Ford,616.38,Multi-lateral directional parallelism
935,Honda,1125.99,Down-sized 24 hour analyzer
936,Ford,3253.18,Horizontal discrete productivity
937,Pontiac,9780.86,Implemented 5th generation circuit
938,Honda,4023.26,Grass-roots asymmetric function
939,Eagle,3982.58,Optimized local encoding
940,Lincoln,9063.7,Synchronised tangible utilisation
941,Audi,4109.96,Devolved user-facing toolset
942,Suzuki,6911.18,Switchable fault-tolerant circuit
943,Mitsubishi,8522.98,Progressive zero defect intranet
944,Chevrolet,6770.5,Switchable disintermediate leverage
945,Pontiac,340.9,Profit-focused 6th generation utilisation
946,GMC,269.08,Balanced value-added monitoring
947,Volkswagen,9484.3,Compatible bifurcated attitude
948,Mitsubishi,9917.12,Open-architected systemic project
949,Volvo,4256.62,Synchronised exuding data-warehouse
950,Toyota,5275.84,Synergized intangible framework
951,Buick,313.13,Team-oriented multimedia collaboration
952,Volkswagen,5054.03,Cross-group mission-critical info-mediaries
953,Mitsubishi,2716.75,Fundamental impactful application
954,Volkswagen,1918.14,Virtual national policy
955,Cadillac,7525.21,Synergistic intangible neural-net
956,Volkswagen,5949.62,Proactive fault-tolerant time-frame
957,Acura,7775.19,Profound optimizing task-force
958,Ford,7738.1,Decentralized methodical algorithm
959,Chevrolet,5541.45,Proactive multi-state support
960,Mercedes-Benz,2160.57,User-friendly human-resource complexity
961,Volvo,5581.02,Reverse-engineered dynamic access
962,BMW,2623.41,Progressive tangible open architecture
963,Volkswagen,1195.78,Enterprise-wide value-added frame
964,Toyota,6667.5,Balanced client-driven product
965,Ford,2877.02,Proactive dedicated service-desk
966,Volvo,4697.41,Cross-platform full-range interface
967,Pontiac,5979.92,Realigned motivating open system
968,GMC,1598.15,Automated zero tolerance conglomeration
969,Honda,7519.85,Sharable bandwidth-monitored Graphical User Interface
970,Cadillac,4053.25,Optional methodical productivity
971,Jaguar,8331.0,Devolved full-range throughput
972,Nissan,5331.35,Upgradable mission-critical capacity
973,Kia,4058.14,User-centric homogeneous alliance
974,Mercury,9583.01,Right-sized bi-directional hub
975,Audi,8326.31,Optimized web-enabled approach
976,Mercedes-Benz,6440.15,Automated fault-tolerant attitude
977,Lincoln,7316.57,Ergonomic contextually-based circuit
978,BMW,8333.41,Front-line disintermediate concept
979,BMW,9855.38,Phased bandwidth-monitored projection
980,Acura,6630.85,Self-enabling contextually-based Graphic Interface
981,Mercedes-Benz,2380.96,Optional dynamic circuit
982,Ford,4826.82,Reverse-engineered tertiary moratorium
983,Lotus,8673.69,Public-key upward-trending encoding
984,Honda,9666.92,Versatile fresh-thinking capability
985,Bentley,3501.58,Assimilated analyzing software
986,MINI,8971.01,User-centric even-keeled Graphic Interface
987,Audi,9522.32,Pre-emptive client-driven migration
988,Isuzu,3345.14,Multi-lateral secondary functionalities
989,Mazda,1201.01,Versatile object-oriented focus group
990,Subaru,5793.98,User-centric leading edge workforce
991,Chrysler,1196.62,Decentralized systematic hardware
992,Mercedes-Benz,910.96,Integrated composite frame
993,Mercury,2583.57,Optimized well-modulated artificial intelligence
994,Hummer,3668.5,Profound radical product
995,Mitsubishi,7093.09,Adaptive 24 hour forecast
996,Acura,2891.17,Synchronised exuding open system
997,Pontiac,8202.15,Customizable next generation product
998,Toyota,7534.48,Seamless secondary circuit
999,Buick,2669.04,Robust national interface
1000,Nissan,8079.58,Self-enabling multi-tasking data-warehouse
